# Name,     Type, SubType, Offset,   Size,     Flags
# Partition table itself lives at 0xC000 (CONFIG_PARTITION_TABLE_OFFSET).
nvs,        data, nvs,     0x10000,  0x10000,
otadata,    data, ota,     0x20000,  0x2000,
phy_init,   data, phy,     0x22000,  0x1000,
ota_0,      app,  ota_0,   0x30000,  0x1D0000,
ota_1,      app,  ota_1,   0x200000, 0x1D0000,
# Matter factory data (DAC, PAI, CD, discriminator, passcode...). Written with
# esp-matter-mfg-tool, flashed separately. Not used with the built-in test DAC.
fctry,      data, nvs,     0x3D0000, 0x6000,
